id;full_name;email;phone
1;Intelligent;Kathryn.Lesch67@hotmail.com;337.659.1447
2;Iowa leading-edge XSS;Marina.Feest84@yahoo.com;305.785.5905 x516
3;Chair sensor Viaduct;Vivian.Batz32@hotmail.com;1-585-792-3432
4;teal Intranet;Juston_Wilderman36@gmail.com;270-584-4726 x369
5;parsing Frozen transform;Bridget.Wolf96@yahoo.com;(984) 630-3433
6;invoice;Oda_Herman@hotmail.com;(475) 301-7947 x6032
7;vertical;Rosalind59@gmail.com;666-950-1046 x15399
8;ROI uniform;Lavon13@hotmail.com;1-388-249-0190 x771
9;interface Chad programming;Carleton.Dooley47@yahoo.com;201-424-2151
10;bandwidth-monitored Open-architected;Althea39@hotmail.com;1-942-393-5064 x11849
